{"cameraMode":{"drawMode":0,"name":"Shaded","section":"Shading Mode"},"sceneLighting":true,"audioPlay":false,"sceneViewState":{"showFog":true,"showMaterialUpdate":true,"showSkybox":true,"showFlares":true,"showImageEffects":true,"showParticleSystems":true},"in2DMode":false,"pivot":{"x":-1.659000039100647,"y":0.8551903963088989,"z":1.7450000047683716},"rotation":{"x":-0.062294356524944308,"y":-0.8849139213562012,"z":0.12398215383291245,"w":-0.4446210563182831},"size":2.9499945640563967,"orthographic":true}