{"cameraMode":{"drawMode":0,"name":"Shaded","section":"Shading Mode"},"sceneLighting":true,"audioPlay":false,"sceneViewState":{"showFog":true,"showMaterialUpdate":true,"showSkybox":true,"showFlares":true,"showImageEffects":true,"showParticleSystems":true},"in2DMode":false,"pivot":{"x":-0.06999999284744263,"y":0.5899999737739563,"z":-2.989000082015991},"rotation":{"x":-0.017758507281541826,"y":-0.7092108130455017,"z":0.01787622459232807,"w":-0.7045506834983826},"size":3.4294612407684328,"orthographic":true}