{"cameraMode":{"drawMode":0,"name":"Shaded","section":"Shading Mode"},"sceneLighting":false,"audioPlay":false,"sceneViewState":{"showFog":true,"showMaterialUpdate":true,"showSkybox":false,"showFlares":true,"showImageEffects":true,"showParticleSystems":true},"in2DMode":false,"pivot":{"x":0.0,"y":0.28999996185302737,"z":-3.2699999809265138},"rotation":{"x":-0.1688157618045807,"y":-0.37081295251846316,"z":0.06874153763055802,"w":-0.9106446504592896},"size":2.8578836917877199,"orthographic":false}