{"cameraMode":{"drawMode":0,"name":"Shaded","section":"Shading Mode"},"sceneLighting":true,"audioPlay":false,"sceneViewState":{"showFog":true,"showMaterialUpdate":true,"showSkybox":true,"showFlares":true,"showImageEffects":true,"showParticleSystems":true},"in2DMode":false,"pivot":{"x":0.21538543701171876,"y":0.10592374205589295,"z":-1.2529053688049317},"rotation":{"x":0.023138973861932756,"y":-0.7302462458610535,"z":0.6823439002037048,"w":0.024763481691479684},"size":6.486079692840576,"orthographic":true}